Sample,Context_Type,Methylation_Level,Frequency
liver2,CG,0,0.00669398077693321
liver2,CG,10,0.29869016661636916
liver2,CG,20,1.1077315033190804
liver2,CG,30,1.2822827971884687
liver2,CG,40,1.950583744034629
liver2,CG,50,5.059733956147829
liver2,CG,60,5.651739830838732
liver2,CG,70,8.38355857503756
liver2,CG,80,23.08678727544678
liver2,CG,90,53.17219817059362
liver2,CHG,0,0.28252422242207254
liver2,CHG,10,2.44939168207965
liver2,CHG,20,17.961922861554648
liver2,CHG,30,12.689834218519335
liver2,CHG,40,12.691531060696045
liver2,CHG,50,14.213598493204147
liver2,CHG,60,6.0679076239119
liver2,CHG,70,4.492389662837459
liver2,CHG,80,9.662667775270222
liver2,CHG,90,19.488232399504522
liver2,CHH,0,0.2931583769743534
liver2,CHH,10,3.131225675209939
liver2,CHH,20,20.65558198767684
liver2,CHH,30,12.807553609105351
liver2,CHH,40,12.155249951665644
liver2,CHH,50,13.018753730151392
liver2,CHH,60,5.89132755562654
liver2,CHH,70,4.484797794272169
liver2,CHH,80,9.592268184225347
liver2,CHH,90,17.970083135092423
kidney2,CG,0,0.005553740694219101
kidney2,CG,10,0.2528106679067876
kidney2,CG,20,0.7494483454603886
kidney2,CG,30,0.7390147330859729
kidney2,CG,40,1.0406506182615702
kidney2,CG,50,2.7021428163916292
kidney2,CG,60,3.2828967614877342
kidney2,CG,70,6.239709064246179
kidney2,CG,80,23.8786848000023
kidney2,CG,90,61.10908845246321
kidney2,CHG,0,0.33500016341471384
kidney2,CHG,10,5.210478151452757
kidney2,CHG,20,19.7617413471909
kidney2,CHG,30,10.120273229401576
kidney2,CHG,40,11.211066444422656
kidney2,CHG,50,13.442494362192372
kidney2,CHG,60,5.623100303951368
kidney2,CHG,70,3.746282315259666
kidney2,CHG,80,9.482955845344316
kidney2,CHG,90,21.066607837369677
kidney2,CHH,0,0.313938641395387
kidney2,CHH,10,1.0573172303114786
kidney2,CHH,20,20.001171412841025
kidney2,CHH,30,10.171377698642333
kidney2,CHH,40,11.197301064814273
kidney2,CHH,50,13.709747326250191
kidney2,CHH,60,5.901577893096864
kidney2,CHH,70,4.354375812667659
kidney2,CHH,80,11.015966357023206
kidney2,CHH,90,22.277226562957583
spleen3,CG,0,0.005401623699496088
spleen3,CG,10,0.28484913389139327
spleen3,CG,20,0.8944802966559698
spleen3,CG,30,0.90123232628034
spleen3,CG,40,1.320249366936097
spleen3,CG,50,3.660389987451005
spleen3,CG,60,4.597560414584399
spleen3,CG,70,7.964724237518121
spleen3,CG,80,25.02286756328354
spleen3,CG,90,55.34824504969964
spleen3,CHG,0,0.28563153531943797
spleen3,CHG,10,1.836630746337225
spleen3,CHG,20,6.600485373867711
spleen3,CHG,30,13.561505657701565
spleen3,CHG,40,14.362472410590337
spleen3,CHG,50,16.226068371800377
spleen3,CHG,60,6.7423024298654735
spleen3,CHG,70,4.969589229893438
spleen3,CHG,80,11.974552826853358
spleen3,CHG,90,23.440761417771075
spleen3,CHH,0,0.2557973191802786
spleen3,CHH,10,1.7419212452702757
spleen3,CHH,20,6.845636156233131
spleen3,CHH,30,13.058160652416115
spleen3,CHH,40,13.531465463373388
spleen3,CHH,50,15.695638416396553
spleen3,CHH,60,7.0806931522366305
spleen3,CHH,70,5.552290875055507
spleen3,CHH,80,12.878145283304837
spleen3,CHH,90,23.36025143653328
liver1,CG,0,0.012169198640843868
liver1,CG,10,0.36161598334957573
liver1,CG,20,1.1333810280648238
liver1,CG,30,1.3129800042856274
liver1,CG,40,1.9230064466931613
liver1,CG,50,4.701295216639042
liver1,CG,60,5.393491594953307
liver1,CG,70,8.297341919343113
liver1,CG,80,22.647909836837165
liver1,CG,90,54.216808771193335
liver1,CHG,0,0.3724179025423729
liver1,CHG,10,3.626522775423729
liver1,CHG,20,16.78032309322034
liver1,CHG,30,12.416412870762713
liver1,CHG,40,12.479310116525424
liver1,CHG,50,14.014499470338984
liver1,CHG,60,6.049721927966101
liver1,CHG,70,4.459911281779661
liver1,CHG,80,9.641485699152543
liver1,CHG,90,20.159394862288135
liver1,CHH,0,0.37042959756581095
liver1,CHH,10,4.788421391597316
liver1,CHH,20,14.702396729879933
liver1,CHH,30,12.936339121615257
liver1,CHH,40,12.572043189769044
liver1,CHH,50,13.67456960286705
liver1,CHH,60,6.239471453262563
liver1,CHH,70,4.786230796697459
liver1,CHH,80,10.03905830706445
liver1,CHH,90,19.891039809681114
kidney1,CG,0,0.005699629524080934
kidney1,CG,10,0.24665222157385167
kidney1,CG,20,0.7521286910001643
kidney1,CG,30,0.7774829953513339
kidney1,CG,40,1.1440611518981425
kidney1,CG,50,3.3234456823798517
kidney1,CG,60,4.527202160431001
kidney1,CG,70,8.365423906176257
kidney1,CG,80,26.042172734962705
kidney1,CG,90,54.81573082670261
kidney1,CHG,0,0.3095002725450161
kidney1,CHG,10,1.564131228115559
kidney1,CHG,20,13.771376306137345
kidney1,CHG,30,11.89404927983444
kidney1,CHG,40,12.716303735252543
kidney1,CHG,50,15.156274540599968
kidney1,CHG,60,6.447768364452738
kidney1,CHG,70,4.975101395984812
kidney1,CHG,80,11.864485074695812
kidney1,CHG,90,21.301009802381763
kidney1,CHH,0,0.29939591136670324
kidney1,CHH,10,1.3118434161905843
kidney1,CHH,20,13.387814813413543
kidney1,CHH,30,11.568990957587681
kidney1,CHH,40,12.387726533237487
kidney1,CHH,50,14.789199551032247
kidney1,CHH,60,6.673476851676692
kidney1,CHH,70,5.4037556909184925
kidney1,CHH,80,12.533767167341377
kidney1,CHH,90,21.64402910723519
liver3,CG,0,0.002642544351047852
liver3,CG,10,0.18615855150132554
liver3,CG,20,1.0070454871348267
liver3,CG,30,1.1864444267538479
liver3,CG,40,1.8439036626078895
liver3,CG,50,4.854565210746226
liver3,CG,60,4.7279840227957965
liver3,CG,70,6.725407914826239
liver3,CG,80,22.759538653175497
liver3,CG,90,56.706309526107304
liver3,CHG,0,0.2769239553495808
liver3,CHG,10,1.2485368708544675
liver3,CHG,20,18.75184378063055
liver3,CHG,30,12.776567094582377
liver3,CHG,40,13.033506846968587
liver3,CHG,50,14.202106905969567
liver3,CHG,60,5.980986458323421
liver3,CHG,70,3.9787596471360738
liver3,CHG,80,9.644757001608252
liver3,CHG,90,20.106011438577127
liver3,CHH,0,0.2975959970052643
liver3,CHH,10,1.6226961540176634
liver3,CHH,20,20.797219308065838
liver3,CHH,30,12.898251740866174
liver3,CHH,40,12.394826335837553
liver3,CHH,50,13.260154759306328
liver3,CHH,60,5.567485994447066
liver3,CHH,70,4.062607814007196
liver3,CHH,80,9.763401794494474
liver3,CHH,90,19.335760101952445
kidney3,CG,0,0.004765184562007622
kidney3,CG,10,0.2719741488165231
kidney3,CG,20,0.9231104850961699
kidney3,CG,30,0.9416294649712579
kidney3,CG,40,1.3723960450570518
kidney3,CG,50,3.8411622441569926
kidney3,CG,60,4.743353988697929
kidney3,CG,70,8.109211010193565
kidney3,CG,80,25.35170896343425
kidney3,CG,90,54.440688465014254
kidney3,CHG,0,0.2830134741095081
kidney3,CHG,10,1.7447733033485162
kidney3,CHG,20,11.738865277963065
kidney3,CHG,30,13.088182043414456
kidney3,CHG,40,13.75902879685922
kidney3,CHG,50,15.311314821520458
kidney3,CHG,60,6.370185435764518
kidney3,CHG,70,4.815040689142574
kidney3,CHG,80,11.412018067122792
kidney3,CHG,90,21.477578090754893
kidney3,CHH,0,0.30285756772162875
kidney3,CHH,10,2.055813031301891
kidney3,CHH,20,12.33016927309227
kidney3,CHH,30,12.817913702941834
kidney3,CHH,40,13.107883714590201
kidney3,CHH,50,14.458846563731441
kidney3,CHH,60,6.336960023792411
kidney3,CHH,70,5.119581650102853
kidney3,CHH,80,11.99162308855238
kidney3,CHH,90,21.478351384173088
intestine3,CG,0,0.007758230213523412
intestine3,CG,10,0.3008647510060179
intestine3,CG,20,1.0385783830623252
intestine3,CG,30,1.221680636828202
intestine3,CG,40,1.8293126645525004
intestine3,CG,50,4.5432896121089055
intestine3,CG,60,5.033057060616569
intestine3,CG,70,7.770676923085898
intestine3,CG,80,22.819948247354546
intestine3,CG,90,55.43483349117151
intestine3,CHG,0,0.3184370571033889
intestine3,CHG,10,1.827200803717192
intestine3,CHG,20,14.60235733122836
intestine3,CHG,30,12.090741106187545
intestine3,CHG,40,12.951866669058681
intestine3,CHG,50,15.028435083690642
intestine3,CHG,60,6.367844136273121
intestine3,CHG,70,4.582802604904828
intestine3,CHG,80,10.285068441542132
intestine3,CHG,90,21.94524676629411
intestine3,CHH,0,0.32469224101590066
intestine3,CHH,10,1.9256547131293131
intestine3,CHH,20,15.233063190651894
intestine3,CHH,30,11.820834300384137
intestine3,CHH,40,12.306806932451698
intestine3,CHH,50,14.454370201257086
intestine3,CHH,60,6.525816704006669
intestine3,CHH,70,4.97743021840349
intestine3,CHH,80,10.847941721176754
intestine3,CHH,90,21.583389777523053
intestine1,CG,0,0.0024767606850561795
intestine1,CG,10,0.17895980719881968
intestine1,CG,20,0.8791748699473143
intestine1,CG,30,1.044524362838477
intestine1,CG,40,1.6256452189082555
intestine1,CG,50,4.308701077893372
intestine1,CG,60,4.467356195258792
intestine1,CG,70,6.7161718110687385
intestine1,CG,80,22.75616065535879
intestine1,CG,90,58.02082924084239
intestine1,CHG,0,0.29956013954193844
intestine1,CHG,10,1.257015015925982
intestine1,CHG,20,16.32792355528591
intestine1,CHG,30,12.23835886546337
intestine1,CHG,40,12.821363567419992
intestine1,CHG,50,14.689822539056575
intestine1,CHG,60,6.167526164113454
intestine1,CHG,70,4.193841953587138
intestine1,CHG,80,10.20021234642803
intestine1,CHG,90,21.804375853177614
intestine1,CHH,0,0.3426950606943343
intestine1,CHH,10,1.391040513128408
intestine1,CHH,20,16.76512663904352
intestine1,CHH,30,11.997044965446356
intestine1,CHH,40,12.342704943753043
intestine1,CHH,50,14.299303491437565
intestine1,CHH,60,6.135402845826754
intestine1,CHH,70,4.52372304704583
intestine1,CHH,80,10.513597853399649
intestine1,CHH,90,21.689360640224542
spleen2,CG,0,0.004056699020483744
spleen2,CG,10,0.2231964595693075
spleen2,CG,20,0.8857112508153945
spleen2,CG,30,0.9314148103265326
spleen2,CG,40,1.416744649314588
spleen2,CG,50,4.051923776596271
spleen2,CG,60,4.564788254887326
spleen2,CG,70,7.301105651675645
spleen2,CG,80,25.11272839821116
spleen2,CG,90,55.508330049583286
spleen2,CHG,0,0.25939600492284387
spleen2,CHG,10,0.9258733314399319
spleen2,CHG,20,20.230048281738142
spleen2,CHG,30,11.408690712865663
spleen2,CHG,40,12.251254378490959
spleen2,CHG,50,14.40026507620941
spleen2,CHG,60,5.944333996023857
spleen2,CHG,70,4.1172015525892265
spleen2,CHG,80,10.580327558458771
spleen2,CHG,90,19.882609107261196
spleen2,CHH,0,0.28726628280939404
spleen2,CHH,10,1.0001679480012935
spleen2,CHH,20,20.00060160478075
spleen2,CHH,30,11.162526038206916
spleen2,CHH,40,11.72602918284524
spleen2,CHH,50,13.77449346130804
spleen2,CHH,60,5.9348311621249685
spleen2,CHH,70,4.551390835052502
spleen2,CHH,80,11.28836170484768
spleen2,CHH,90,20.27433178002321
spleen1,CG,0,0.02331652665099474
spleen1,CG,10,0.4268576729414391
spleen1,CG,20,0.9013899460295139
spleen1,CG,30,0.9113181823927177
spleen1,CG,40,1.2665033097534188
spleen1,CG,50,3.157917072958203
spleen1,CG,60,4.125044512887607
spleen1,CG,70,7.588311344690643
spleen1,CG,80,23.7485814661576
spleen1,CG,90,57.85075996553787
spleen1,CHG,0,0.4160308272022779
spleen1,CHG,10,2.792010162064468
spleen1,CHG,20,13.310428903912225
spleen1,CHG,30,11.926785394589894
spleen1,CHG,40,12.96430489603492
spleen1,CHG,50,14.637805948899821
spleen1,CHG,60,6.23619979709972
spleen1,CHG,70,4.573781532664388
spleen1,CHG,80,10.48176028781149
spleen1,CHG,90,22.6608922497208
spleen1,CHH,0,0.3582171806470872
spleen1,CHH,10,2.7118877586167307
spleen1,CHH,20,13.609726974212954
spleen1,CHH,30,11.422305908287218
spleen1,CHH,40,12.361248249098717
spleen1,CHH,50,14.25704378975407
spleen1,CHH,60,6.365243748421319
spleen1,CHH,70,4.922271464327539
spleen1,CHH,80,11.200716434361293
spleen1,CHH,90,22.791338492273074
intestine2,CG,0,0.002858282540593964
intestine2,CG,10,0.21963916406033646
intestine2,CG,20,1.0575208718142854
intestine2,CG,30,1.152777107316441
intestine2,CG,40,1.644893964069483
intestine2,CG,50,3.981936924691242
intestine2,CG,60,3.9158431107768683
intestine2,CG,70,5.884060438066734
intestine2,CG,80,21.223327460092023
intestine2,CG,90,60.91714267657199
intestine2,CHG,0,0.3783346237770113
intestine2,CHG,10,1.1446821989160274
intestine2,CHG,20,21.82814809600901
intestine2,CHG,30,11.405469134933483
intestine2,CHG,40,11.847152811994087
intestine2,CHG,50,13.924473850918561
intestine2,CHG,60,5.799957767297811
intestine2,CHG,70,3.6601675230520168
intestine2,CHG,80,9.050116139931019
intestine2,CHG,90,20.96149785317097
intestine2,CHH,0,0.43352816074004663
intestine2,CHH,10,1.1900335618713347
intestine2,CHH,20,17.23776379779592
intestine2,CHH,30,11.92710579673503
intestine2,CHH,40,12.21885116276764
intestine2,CHH,50,14.15621886107765
intestine2,CHH,60,6.0562570333685315
intestine2,CHH,70,4.255218945354135
intestine2,CHH,80,10.119127292196493
intestine2,CHH,90,22.40589538809322
